{"x": 0.41005936249838676, "y": 0.5165860110982063, "r1": 0.31084656084656076, "r2": 0.4232804232804232}