{"x": 0.4713644287310182, "y": 0.5004680268601385, "r1": 0.3333333333333333, "r2": 0.43320105820105825}