{"x": 0.4691926949991465, "y": 0.5000410282668348, "r1": 0.3325062034739454, "r2": 0.4166666666666666}