{"x": 0.5446365980671973, "y": 0.44755416186804203, "r1": 0.3406084656084655, "r2": 0.4464285714285715}