{"x": 0.07719016069136944, "y": 0.5070736818319413, "r1": 0.3240740740740742, "r2": 0.4332010582010583}