{"x": 0.06084983498349844, "y": 0.4768944156320395, "r1": 0.3240740740740741, "r2": 0.419973544973545}