{"x": 0.507726754502172, "y": 0.5335404773948021, "r1": 0.3174603174603175, "r2": 0.4133597883597884}