{"x": 0.5021649347188915, "y": 0.46368619390202104, "r1": 0.31415343915343913, "r2": 0.4067460317460318}