{"x": 0.5, "y": 0.4888558692421991, "r1": 0.32578008915304607, "r2": 0.4009135435584173}