{"x": 0.5190288628046257, "y": 0.5236034232324419, "r1": 0.33730158730158744, "r2": 0.43320105820105836}