{"x": 0.47551621014889367, "y": 0.47732582121637607, "r1": 0.31415343915343913, "r2": 0.4034391534391534}