{"x": 0.5390875946636656, "y": 0.5018454041718443, "r1": 0.31090517611935625, "r2": 0.4058130719873703}