{"x": 0.45624253285543614, "y": 0.5133128520225292, "r1": 0.30753968253968256, "r2": 0.42328042328042337}