{"x": 0.08946078431372544, "y": 0.48724036398185006, "r1": 0.32407407407407407, "r2": 0.4001322751322751}