{"x": 0.510746597196979, "y": 0.47401550951169263, "r1": 0.32076719576719576, "r2": 0.4232804232804233}