{"x": 0.48667800453514737, "y": 0.47732426303854875, "r1": 0.32076719576719576, "r2": 0.40674603174603174}