{"x": 0.531065634218289, "y": 0.45336113002042205, "r1": 0.2972337328900751, "r2": 0.40495602534688085}