{"x": 0.5524616626311543, "y": 0.5561720921890413, "r1": 0.37037037037037046, "r2": 0.4695767195767196}