{"x": 0.5406831208914545, "y": 0.45695396424563084, "r1": 0.31666666666666665, "r2": 0.4244453463203463}