{"x": 0.12761972188508908, "y": 0.4674051862957412, "r1": 0.32407407407407407, "r2": 0.45304232804232797}