{"x": 0.5003657328358523, "y": 0.5037690507810029, "r1": 0.3207671957671957, "r2": 0.41335978835978837}