{"x": 0.5174484626135571, "y": 0.49054419986023756, "r1": 0.3273809523809524, "r2": 0.41997354497354494}