{"x": 0.13996748751421637, "y": 0.513304776739356, "r1": 0.31746031746031755, "r2": 0.40343915343915343}