{"x": 0.479248740995729, "y": 0.4934452094090649, "r1": 0.3174603174603174, "r2": 0.41335978835978826}