{"x": 0.5058510022013674, "y": 0.4934393465415362, "r1": 0.3174603174603174, "r2": 0.4298941798941799}