{"x": 0.5023172571178478, "y": 0.5467730338483662, "r1": 0.3141534391534392, "r2": 0.4265873015873016}