{"x": 0.5152139955380697, "y": 0.48128551832255545, "r1": 0.2955275177497399, "r2": 0.38787986704653366}