{"x": 0.49662335229531773, "y": 0.526935766278252, "r1": 0.3009259259259259, "r2": 0.4067460317460317}