{"x": 0.5411428728664984, "y": 0.48113359591814275, "r1": 0.3202080237741456, "r2": 0.41964433123422734}