{"x": 0.014496053430479758, "y": 0.5236143637782982, "r1": 0.31084656084656087, "r2": 0.39682539682539686}