{"x": 0.5025407302635023, "y": 0.5567244224422442, "r1": 0.32859238304782856, "r2": 0.45497406883545494}