{"x": 0.012659027406218307, "y": 0.5594829379941739, "r1": 0.35052910052910063, "r2": 0.44642857142857156}