{"x": 0.020270854967116513, "y": 0.47031535874993813, "r1": 0.33399470899470896, "r2": 0.41335978835978837}