{"x": 0.48253135753135745, "y": 0.4934648684648683, "r1": 0.30092592592592593, "r2": 0.4100529100529101}