{"x": 0.08021164021164033, "y": 0.4707142857142856, "r1": 0.3306878306878307, "r2": 0.40674603174603174}