{"x": 0.5449491061500298, "y": 0.4607863802436549, "r1": 0.3207671957671958, "r2": 0.4067460317460318}