{"x": 0.011285950023573611, "y": 0.5165769553145791, "r1": 0.33292079207920794, "r2": 0.4232804232804233}