{"x": 0.05409828714913465, "y": 0.4769079006367141, "r1": 0.3075396825396826, "r2": 0.3902116402116403}