{"x": 0.5014731374755823, "y": 0.4934363721038538, "r1": 0.32076719576719576, "r2": 0.40343915343915354}