{"x": 0.5094573740407075, "y": 0.44477116004893785, "r1": 0.30864197530864196, "r2": 0.4083076131687242}