{"x": 0.48436870518088804, "y": 0.5165612494292695, "r1": 0.3505291005291006, "r2": 0.4332010582010583}