{"x": 0.5287585310997363, "y": 0.5545818037674716, "r1": 0.3443273572548817, "r2": 0.43121369973975837}