{"x": 0.5216346153846153, "y": 0.49814264487369986, "r1": 0.33209509658246655, "r2": 0.4282972475765938}