{"x": 0.48778461447000765, "y": 0.5302360145056774, "r1": 0.3042328042328043, "r2": 0.40013227513227523}