{"x": 0.11301922925057245, "y": 0.5203160783384665, "r1": 0.3075396825396825, "r2": 0.3935185185185185}