{"x": 0.5062286142001711, "y": 0.44698994867408015, "r1": 0.31116338751069295, "r2": 0.394568006843456}