{"x": 0.19358819471856378, "y": 0.48393858925132477, "r1": 0.33308214016578747, "r2": 0.4199735449735449}