{"x": 0.4750412168911032, "y": 0.4971649598260666, "r1": 0.30753968253968267, "r2": 0.4100529100529101}