{"x": 0.47521485853544004, "y": 0.48062882808483426, "r1": 0.3174603174603174, "r2": 0.4232804232804232}