{"x": 0.5261150380291005, "y": 0.44510737020502644, "r1": 0.33125, "r2": 0.4308319899140212}