{"x": 0.4998164464023494, "y": 0.502357546869294, "r1": 0.30650537258466776, "r2": 0.4118665944106473}