{"x": 0.5216564532602266, "y": 0.4939785057709586, "r1": 0.3057302585604472, "r2": 0.4024408505540581}