{"x": 0.5038117534065668, "y": 0.5169931740028985, "r1": 0.33306320907617504, "r2": 0.4563492063492062}