{"x": 0.5328315340691577, "y": 0.5170053635400168, "r1": 0.3273809523809525, "r2": 0.4199735449735451}