{"x": 0.4726816550796142, "y": 0.44400370038125136, "r1": 0.3345060551693204, "r2": 0.4188859609777977}