{"x": 0.4862246416300471, "y": 0.5467750569101918, "r1": 0.3108465608465609, "r2": 0.4100529100529101}