{"x": 0.5388349829839193, "y": 0.4706948882480797, "r1": 0.3373015873015874, "r2": 0.4398148148148148}