{"x": 0.47675044757748686, "y": 0.534820129797471, "r1": 0.32943900957496136, "r2": 0.4150931520644512}