{"x": 0.005574159940466209, "y": 0.4938544196658571, "r1": 0.32407407407407407, "r2": 0.41997354497354494}