{"x": 0.47985918333451977, "y": 0.4806332597812417, "r1": 0.31415343915343924, "r2": 0.42328042328042337}