{"x": 0.5490943476480663, "y": 0.48393915542675875, "r1": 0.3141534391534392, "r2": 0.4067460317460318}