{"x": 0.5149885551970438, "y": 0.5236233733999929, "r1": 0.3075396825396826, "r2": 0.4067460317460318}