{"x": 0.5346814524896714, "y": 0.5004711169094731, "r1": 0.34060846560846575, "r2": 0.41997354497354505}