{"x": 0.5057794208982916, "y": 0.5140107471088153, "r1": 0.3101881333679254, "r2": 0.40264805773721085}