{"x": 0.5078637912407543, "y": 0.5037812681791738, "r1": 0.31746031746031744, "r2": 0.42328042328042326}