{"x": 0.1237777903454861, "y": 0.48392904271764114, "r1": 0.31084656084656087, "r2": 0.419973544973545}