{"x": 0.5637161038257705, "y": 0.5732096114914961, "r1": 0.3505291005291006, "r2": 0.44642857142857134}