{"x": 0.49976099426386233, "y": 0.5045411089866156, "r1": 0.2804333970681963, "r2": 0.4206500956022944}