{"x": 0.4934409687184662, "y": 0.5, "r1": 0.28439153439153436, "r2": 0.41666666666666663}