{"x": 0.4733370055608015, "y": 0.49711842558868063, "r1": 0.2744708994708995, "r2": 0.38359788359788366}