{"x": 0.5253965817962134, "y": 0.4879600397556199, "r1": 0.272284583978875, "r2": 0.4100285499917177}