{"x": 0.5126724521584335, "y": 0.5205273698264351, "r1": 0.27748108589230086, "r2": 0.39363595905651977}