{"x": 0.4950328062331842, "y": 0.48719756753783217, "r1": 0.2612433862433863, "r2": 0.39021164021164023}