{"x": 0.502476941922467, "y": 0.46404252362423576, "r1": 0.28439153439153436, "r2": 0.4166666666666667}