{"x": 0.5166859300354446, "y": 0.5070324138285304, "r1": 0.30092592592592593, "r2": 0.4133597883597883}