{"x": 0.49002403598707095, "y": 0.46073564531735733, "r1": 0.2744708994708995, "r2": 0.4001322751322751}