{"x": 0.5, "y": 0.49383301707779886, "r1": 0.29394822445107077, "r2": 0.4245918797626577}