{"x": 0.5418940720145536, "y": 0.5103503145671818, "r1": 0.26455026455026465, "r2": 0.3902116402116403}