{"x": 0.4997637051039698, "y": 0.4655865864514258, "r1": 0.27552109900881167, "r2": 0.41648538222262227}