{"x": 0.49544928451178455, "y": 0.5070383898508897, "r1": 0.27447089947089953, "r2": 0.38359788359788366}