{"x": 0.5255096772290081, "y": 0.4676288576149171, "r1": 0.25742019236443026, "r2": 0.38291253614209003}