{"x": 0.5029225654225654, "y": 0.5103406978406978, "r1": 0.2810846560846561, "r2": 0.4034391534391535}