{"x": 0.5481964595734127, "y": 0.49837110408399476, "r1": 0.26803798776455023, "r2": 0.40690104166666663}