{"x": 0.4835592714927974, "y": 0.4773316359299017, "r1": 0.2948378291586385, "r2": 0.42443687494265536}