{"x": 0.5380952380952381, "y": 0.4805738004013865, "r1": 0.2876984126984128, "r2": 0.4133597883597884}