{"x": 0.4900689803781069, "y": 0.4739610106391264, "r1": 0.30092592592592593, "r2": 0.41335978835978837}