{"x": 0.5214680658993454, "y": 0.4838900173023396, "r1": 0.26455026455026454, "r2": 0.37698412698412703}