{"x": 0.5440385831752055, "y": 0.5007115749525617, "r1": 0.2814674256799494, "r2": 0.39848197343453506}