{"x": 0.5322386253388146, "y": 0.4881865054360329, "r1": 0.2857792980666326, "r2": 0.4091839949590422}