{"x": 0.5350450365331317, "y": 0.4887211829176114, "r1": 0.27592750062988164, "r2": 0.404265873015873}