{"x": 0.5030109664430886, "y": 0.5113066152741105, "r1": 0.29249749613038334, "r2": 0.4094964945825367}