{"x": 0.5181698276254151, "y": 0.5268776246569944, "r1": 0.2876984126984126, "r2": 0.4199735449735449}