{"x": 0.516208880812599, "y": 0.46176963936259424, "r1": 0.33170254403131116, "r2": 0.40146538067281706}