{"x": 0.47067603317603335, "y": 0.4772719147719148, "r1": 0.291005291005291, "r2": 0.4034391534391535}