{"x": 0.5100782884213115, "y": 0.4838847360649686, "r1": 0.2843915343915345, "r2": 0.41005291005291006}