{"x": 0.5, "y": 0.48863636363636365, "r1": 0.2876232563732564, "r2": 0.4168921356421357}