{"x": 0.46384348100766015, "y": 0.4673438363736872, "r1": 0.2976190476190476, "r2": 0.41666666666666674}