{"x": 0.4933556595406305, "y": 0.4941087867388446, "r1": 0.2945606630577729, "r2": 0.41302527754839896}