{"x": 0.5019264488741233, "y": 0.45412283130306386, "r1": 0.2810846560846561, "r2": 0.39682539682539686}