{"x": 0.4430052008177011, "y": 0.5136521464646463, "r1": 0.27777777777777785, "r2": 0.4067460317460318}