{"x": 0.5192717174424492, "y": 0.5017260291650535, "r1": 0.26008318691245524, "r2": 0.38362270069587145}