{"x": 0.5084088281874617, "y": 0.5004207596844749, "r1": 0.2843915343915344, "r2": 0.40343915343915343}