{"x": 0.5118382548550146, "y": 0.49381484437350354, "r1": 0.27447089947089953, "r2": 0.3935185185185186}