{"x": 0.5235449735449734, "y": 0.5037157287157287, "r1": 0.2976190476190477, "r2": 0.40674603174603174}