{"x": 0.5193504495080427, "y": 0.5301845029638727, "r1": 0.29100529100529104, "r2": 0.4232804232804233}