{"x": 0.4729634956145022, "y": 0.4905010475480273, "r1": 0.2943121693121693, "r2": 0.4166666666666667}