{"x": 0.49319489392304927, "y": 0.49981121898597614, "r1": 0.29202624955052137, "r2": 0.40686803308162534}