{"x": 0.4751835963704408, "y": 0.4574336354603276, "r1": 0.2843915343915344, "r2": 0.4001322751322752}