{"x": 0.41469682682553966, "y": 0.5235845013072736, "r1": 0.2876984126984127, "r2": 0.41005291005291006}